test_bias_bucket,eta,f1_mean,fairness_penalty_mean,spd_abs_mean,eod_abs_mean,aaod_mean,di_distance_mean,n
alto,0.0,0.9230384726211625,437.57201434278085,0.7764822011389325,,0.0584352332293739,2186.1879092939885,5
alto,1.0,0.9262773352275611,14.045960952829354,0.775237830607664,,0.017127226439161574,41.34551780144124,1
alto,50.0,0.959590152847288,38.91114296381343,0.815533555892446,,0.007035868422007036,115.91085946712585,1
baixo,0.0,0.6734689833887604,0.373910564152823,0.17436829345117344,0.33154567639719074,0.20858722656491652,0.8042213071022948,18
baixo,1.0,0.7171437006860395,0.2872292951431748,0.27081164458085155,0.07828604260944165,0.1643517224723652,0.6354677709100407,3
baixo,50.0,0.9302335055578214,0.3323273769867083,0.2583757565614109,0.0029066055522092293,0.03808647259638256,1.0299406732368304,3
medio,0.0,0.7966786010503648,13.409885142899938,0.3530077282001878,0.3512009113730136,0.15754065379759336,63.811759758167135,17
medio,1.0,0.9073752935916393,1.2032336229129426,0.37124115294380466,0.0877323699709716,0.05849849455687545,5.664566007950153,4
medio,50.0,0.9677460027097265,8.340926222591714,0.3848075323464934,0.06365588004272409,0.028162496986027998,26.877365370006892,4
